reference_no,,,,,
PO240321-88521-83048,,,,,
PO240324-18537-64708,,,,,
PO240324-91296-32574,,,,,
PO240320-40292-12582,,,,,
PO240320-20915-15110,,,,,
PO240320-85991-69083,,,,,
GLAMOUR697,,,,,
PO240320-29221-86100,,,,,
GLAMOUR909,,,,,
PO240320-48097-59004,,,,,
PO240322-80918-85717,,,,,
GLAMOUR478,,,,,
PO240321-30940-31182,,,,,
PO240319-10168-56301,,,,,
GLAMOUR1002,,,,,
PO240322-32402-28082,,,,,
PO240321-55087-44982,,,,,
GLAMOUR426,,,,,
GLAMOUR407,,,,,
PO240316-80843-65266,,,,,
GLAMOUR756,,,,,
PO240324-63264-91323,,,,,
PO240316-29696-10902,,,,,
PO240320-67153-71735,,,,,
PO240323-32755-78024,,,,,
PO240321-70490-47310,,,,,
PO240309-85446-48807,,,,,
PO240321-66079-39137,,,,,
PO240321-93821-96926,,,,,
PO240324-89210-80666,,,,,
PO240320-64049-62234,,,,,
PO240318-96747-20187,,,,,
PO240323-14913-18564,,,,,
PO240318-16887-60017,,,,,
PO240320-53129-97490,,,,,
PO240321-50706-52823,,,,,
PO240316-36339-73260,,,,,
PO240320-16149-89220,,,,,
PO240319-49639-87488,,,,,
PO240322-56346-54272,,,,,
PO240318-73772-35381,,,,,
PO240305-78934-20339,,,,,
PO240320-32256-52374,,,,,
PO240310-76590-49609,,,,,
PO240319-16697-35469,,,,,
PO240320-95363-38943,,,,,
PO240308-54312-76889,,,,,
GLAMOUR630,,,,,
GLAMOUR568,,,,,
PO240322-86126-49217,,,,,
PO240314-33326-76633,,,,,
PO240319-38860-42306,,,,,
PO240322-66986-30999,,,,,
PO240319-11935-75285,,,,,
PO240324-94149-51813,,,,,
GLAMOUR442,,,,,
PO240322-78440-84207,,,,,
PO240320-70861-32568,,,,,
GLAMOUR856,,,,,
PO240321-61981-16792,,,,,
PO240313-84763-43519,,,,,
GLAMOUR498,,,,,
PO240320-30826-82004,,,,,
GLAMOUR736,,,,,
DC1202,,,,,
PO240319-11546-73439,,,,,
PO240318-62096-79869,,,,,
PO240321-63374-72294,,,,,
PO240318-78278-23282,,,,,
PO240321-29192-59322,,,,,
GLAMOUR438,,,,,
PO240317-75553-89396,,,,,
PO240320-38681-32594,,,,,
GLAMOUR400,,,,,
GLAMOUR499,,,,,
GLAMOUR497,,,,,
PO240319-49611-92144,,,,,
GLAMOUR474,,,,,
PO240318-31560-43755,,,,,
PO240315-46533-60869,,,,,
PO240322-51433-33046,,,,,
po240317-78291-91659,,,,,
PO240321-48510-42489,,,,,
PO240321-47988-93693,,,,,
DC1304,,,,,
PO240319-67969-69131,,,,,
PO240318-33129-53874,,,,,
PO240303-38440-34126,,,,,
PO240310-95255-72518,,,,,
PO240317-36874-69028,,,,,
con11866,,,,,
PO240321-69178-28777,,,,,
PO240322-34820-74874,,,,,
PO240310-90447-97069,,,,,
PO240322-68402-45898,,,,,
PO240323-52436-12857,,,,,
PO240307-49470-85729,,,,,
PO240323-48906-86045,,,,,
PO240318-45049-53254,,,,,
PO240309-37889-71799,,,,,
con12993,,,,,
GLAMOUR635,,,,,
PO240301-87447-48022,,,,,
PO240301-74435-18308,,,,,
PO240305-86898-65428,,,,,
PO240303-53848-54402,,,,,
PO240302-39155-86156,,,,,
PO240305-50799-72412,,,,,
PO240322-61425-27096,,,,,
PO240318-67633-93259,,,,,
PO240318-50139-93286,,,,,
con12745,,,,,
PO240318-88187-39119,,,,,
PO240318-20911-80479,,,,,
PO240324-37107-17745,,,,,
PO240323-24113-82779,,,,,
PO240319-65358-79816,,,,,
PO240317-36288-60286,,,,,
con12833,,,,,
PO240319-92669-69024,,,,,
PO240317-52710-23379,,,,,
PO240318-99403-39256,,,,,
PO240318-85619-78096,,,,,
PO240321-88223-12126,,,,,
PO240312-88140-48427,,,,,
con13012,,,,,
PO240320-15982-59354,,,,,
PO240322-34032-24410,,,,,
PO240319-82327-68929,,,,,
PO240324-14217-95177,,,,,
PO240322-58016-92513,,,,,
con12016,,,,,
con13006,,,,,
con13160,,,,,
PO240302-17966-43243,,,,,
PO240320-76542-40915,,,,,
PO240322-16959-57372,,,,,
PO240322-68133-18254,,,,,
PO240321-36120-16220,,,,,
PO240321-55292-15791,,,,,
PO240307-91315-82398,,,,,
PO240303-38099-67028,,,,,
con13225,,,,,
PO240322-10549-82849,,,,,
PO240324-86236-27515,,,,,
PO240301-34611-63806,,,,,
PO240304-41347-52718,,,,,
PO240321-28308-29709,,,,,
PO240313-86913-73452,,,,,
DC555,,,,,
con12670,,,,,
PO240322-10513-71780,,,,,
con12667,,,,,
PO240307-11819-91340,,,,,
PO240322-74857-63116,,,,,
PO240322-27918-50795,,,,,
PO240320-50087-25677,,,,,
PO240322-13453-19833,,,,,
PO240311-65314-48388,,,,,
PO240320-50284-14949,,,,,
PO240304-88275-88965,,,,,
PO240322-54040-83937,,,,,
PO240317-37758-23533,,,,,
PO240323-42394-52008,,,,,
PO240321-91387-70336,,,,,
PO240319-75490-93971,,,,,
PO240305-19149-76066,,,,,
con13051,,,,,
con13207,,,,,
PO240324-52668-82774,,,,,
con13045,,,,,
PO240320-70789-18764,,,,,
con12802,,,,,
con12995,,,,,
PO240317-43819-13480,,,,,
con12851,,,,,
PO240322-28359-51747,,,,,
PO240309-19687-16048,,,,,
PO240312-68735-41608,,,,,
con13126,,,,,
con13017,,,,,
PO240317-58399-56175,,,,,
PO240324-34753-16299,,,,,
PO240323-25227-17357,,,,,
PO240319-16835-23054,,,,,
con12824,,,,,
PO240320-31496-44522,,,,,
PO240322-25083-22887,,,,,
KITCHEN107,,,,,
KITCHEN13,,,,,
KITCHEN28,,,,,
PO240315-88434-36598,,,,,
PO240310-88090-52975,,,,,
PO240322-75963-86572,,,,,
PO240318-35181-82815,,,,,
PO240318-17299-65975,,,,,
PO240319-10747-29415,,,,,
PO240322-34997-34303,,,,,
PO240314-58671-47038,,,,,
PO240318-59104-17202,,,,,
PO240322-64823-92184,,,,,
PO240317-69729-17865,,,,,
PO240324-86769-85926,,,,,
PO240314-24574-37954,,,,,
PO240321-45007-94717,,,,,
PO240318-14578-57643,,,,,
PO240323-37262-99529,,,,,
PO240319-30609-48213,,,,,
PO240306-83036-71811,,,,,
PO240316-41374-96145,,,,,
PO240319-72071-44103,,,,,
DC937,,,,,
PO240322-56787-43311,,,,,
PO240314-81978-41141,,,,,
DC1184,,,,,
PO240320-55127-97881,,,,,
PO240319-64996-26076,,,,,
PO240321-45157-51334,,,,,
PO240319-95457-53874,,,,,
PO240324-19479-58891,,,,,
PO240319-29452-73514,,,,,
PO240324-27435-16472,,,,,
DC1365,,,,,
GLAMOUR935,,,,,
PO240320-98607-95363,,,,,
GLAMOUR946,,,,,
po340219-25346-12581,,,,,
GLAMOUR895,,,,,
PO240318-74023-48609,,,,,
PO240322-46125-96572,,,,,
GLAMOUR981,,,,,
PO240318-75254-49424,,,,,
GLAMOUR290,,,,,
GLAMOUR928,,,,,
GLAMOUR369,,,,,
GLAMOUR884,,,,,
PO240319-54458-89911,,,,,
PO240318-46309-33804,,,,,
DC1104,,,,,
PO240319-57605-43159,,,,,
PO240319-83766-11199,,,,,
PO240321-69556-51503,,,,,
GLAMOUR948,,,,,
GLAMOUR411,,,,,
PO240319-96410-12093,,,,,
PO240312-28627-42023,,,,,
GLAMOUR858,,,,,
GLAMYUR291,,,,,
PO240319-66851-94773,,,,,
PO240322-35554-52443,,,,,
PO240313-37297-88180,,,,,
PO240316-51850-52850,,,,,
GLAMOUR934,,,,,
DC991,,,,,
PO240317-94925-56460,,,,,
PO240315-80224-30939,,,,,
PO240318-74073-55413,,,,,
PO240322-79310-95302,,,,,
PO240311-68229-25512,,,,,
PO240322-11546-59417,,,,,
PO240320-12168-89980,,,,,
PO240321-54387-24957,,,,,
PO240319-25961-34037,,,,,
PO240320-48006-52873,,,,,
PO240322-12083-72166,,,,,
PO240320-43713-14471,,,,,
PO240324-74145-25107,,,,,
PO240322-29624-19712,,,,,
PO240321-23883-96264,,,,,
PO240320-63224-53645,,,,,
PO240322-86622-32381,,,,,
PO240320-55669-73797,,,,,
PO240321-71364-34014,,,,,
DC892,,,,,
PO240320-58597-46586,,,,,
PO240319-27890-42141,,,,,
PO240313-48527-53505,,,,,
PO240318-42069-68961,,,,,
PO240319-48953-89948,,,,,
PO240321-83405-17558,,,,,
PO240320-54428-47877,,,,,
PO240322-69871-77009,,,,,
PO240321-25318-56903,,,,,
PO240320-68801-68847,,,,,
PO240319-65279-79524,,,,,
PO240319-21121-80018,,,,,
PO240322-37886-98469,,,,,
PO240322-89019-62845,,,,,
PO240316-52810-42245,,,,,
PO240321-44631-46433,,,,,
PO240324-39378-55445,,,,,
PO240324-33483-26609,,,,,
PO240321-19828-33492,,,,,
